{
  "id": "/",
  "name": "Flow: E-Reader &amp; Library",
  "short_name": "Flow",
  "description": "Finally finish that book, dude. Flow uses RSVP speed reading to help you breeze through your library. Syncs with Google Drive so you never lose your spot. Algebraic!",
  "start_url": "/",
  "scope": "/",
  "display": "standalone",
  "orientation": "any",
  "theme_color": "#000000",
  "background_color": "#000000",
  "categories": [
    "books",
    "speed-reading",
    "rsvp-reader",
    "productivity"
  ],
  "icons": [
    {
      "src": "https://placehold.co/192x192/000000/E25822.png?text=Flow&amp;font=merriweather",
      "type": "image/png",
      "sizes": "192x192",
      "purpose": "any"
    },
    {
      "src": "https://placehold.co/512x512/000000/E25822.png?text=Flow&amp;font=merriweather",
      "type": "image/png",
      "sizes": "512x512",
      "purpose": "any"
    },
    {
      "src": "https://placehold.co/512x512/000000/E25822.png?text=Flow&amp;font=merriweather",
      "type": "image/png",
      "sizes": "512x512",
      "purpose": "maskable"
    }
  ],
  "screenshots": [
    {
      "src": "https://placehold.co/1170x2532/000000/E25822.png?text=Mobile+Flow+Reader",
      "sizes": "1170x2532",
      "type": "image/png",
      "form_factor": "narrow",
      "label": "Flow Mobile Experience"
    },
    {
      "src": "https://placehold.co/2880x1800/000000/E25822.png?text=Desktop+Library+View",
      "sizes": "2880x1800",
      "type": "image/png",
      "form_factor": "wide",
      "label": "Flow Desktop Library"
    }
  ],
  "shortcuts": [
    {
      "name": "Resume Book",
      "short_name": "Resume",
      "description": "Jump back into your latest read",
      "url": "/read",
      "icons": [
        {
          "src": "https://placehold.co/192x192/000000/E25822.png?text=Resume",
          "sizes": "192x192",
          "type": "image/png"
        }
      ]
    }
  ],
  "protocol_handlers": [
    {
      "protocol": "web+flow",
      "url": "/?link=%s"
    }
  ],
  "file_handlers": [
    {
      "action": "/",
      "accept": {
        "application/epub+zip": [
          ".epub"
        ]
      }
    }
  ],
  "launch_handler": {
    "client_mode": "navigate-new"
  }
}